{
    "current_ratio": {
        "trend": {
            "slope": -0.03861103226392682,
            "intercept": 3.2073148841435097,
            "r_squared": 0.17443093300287604
        },
        "volatility": {
            "std_dev": 1.0273848080838586,
            "coefficient_of_variation": 0.4121060419528603
        }
    },
    "quick_ratio": {
        "trend": {
            "slope": -0.030935700262440764,
            "intercept": 2.9144338039031115,
            "r_squared": 0.11500200609231948
        },
        "volatility": {
            "std_dev": 1.013773003415231,
            "coefficient_of_variation": 0.4328435578883222
        }
    },
    "cash_ratio": {
        "trend": {
            "slope": -0.02016954716945068,
            "intercept": 0.898650962560142,
            "r_squared": 0.22845212507105528
        },
        "volatility": {
            "std_dev": 0.4689559231295483,
            "coefficient_of_variation": 0.8923751218591002
        }
    },
    "debt_to_equity": {
        "trend": {
            "slope": 0.017322115279153588,
            "intercept": -0.11496883206638422,
            "r_squared": 0.7046443056652152
        },
        "volatility": {
            "std_dev": 0.22932395859779364,
            "coefficient_of_variation": 1.1159843453948082
        }
    },
    "debt_to_assets": {
        "trend": {
            "slope": 0.007416185371431171,
            "intercept": -0.041270729267709166,
            "r_squared": 0.6844197689656899
        },
        "volatility": {
            "std_dev": 0.09962143260825995,
            "coefficient_of_variation": 1.0384945537727286
        }
    },
    "interest_coverage": {
        "trend": {
            "slope": NaN,
            "intercept": NaN,
            "r_squared": NaN
        },
        "volatility": {
            "std_dev": NaN,
            "coefficient_of_variation": NaN
        }
    },
    "roe": {
        "trend": {
            "slope": -0.004955704038940615,
            "intercept": 0.32520445692962097,
            "r_squared": 0.14499500456418124
        },
        "volatility": {
            "std_dev": 0.14463131027020837,
            "coefficient_of_variation": 0.6193425611753991
        }
    },
    "roa": {
        "trend": {
            "slope": -0.004055211511594075,
            "intercept": 0.20664747859391674,
            "r_squared": 0.34779432246071074
        },
        "volatility": {
            "std_dev": 0.07641625425727948,
            "coefficient_of_variation": 0.5805556360882053
        }
    },
    "gross_margin": {
        "trend": {
            "slope": -0.0007019027016800544,
            "intercept": 0.6521359481032797,
            "r_squared": 0.039254475877894324
        },
        "volatility": {
            "std_dev": 0.03937003503913521,
            "coefficient_of_variation": 0.06159741681411299
        }
    },
    "operating_margin": {
        "trend": {
            "slope": -0.001302058874081757,
            "intercept": 0.27230306300579243,
            "r_squared": 0.028851147352686235
        },
        "volatility": {
            "std_dev": 0.08518881088762308,
            "coefficient_of_variation": 0.34320576865824365
        }
    },
    "net_margin": {
        "trend": {
            "slope": 0.0002898717225299224,
            "intercept": 0.17705958480680323,
            "r_squared": 0.0026450708469548667
        },
        "volatility": {
            "std_dev": 0.06263551831737199,
            "coefficient_of_variation": 0.34335467015080706
        }
    },
    "asset_turnover": {
        "trend": {
            "slope": -0.022545885863481743,
            "intercept": 1.1268427894748136,
            "r_squared": 0.6717973672039576
        },
        "volatility": {
            "std_dev": 0.3056902831060606,
            "coefficient_of_variation": 0.4307050510404989
        }
    },
    "inventory_turnover": {
        "trend": {
            "slope": 0.10711711011024151,
            "intercept": 6.988846913949868,
            "r_squared": 0.14203711337122282
        },
        "volatility": {
            "std_dev": 3.1585765551817344,
            "coefficient_of_variation": 0.3521065513628301
        }
    },
    "working_capital": {
        "trend": {
            "slope": NaN,
            "intercept": NaN,
            "r_squared": NaN
        },
        "volatility": {
            "std_dev": NaN,
            "coefficient_of_variation": NaN
        }
    },
    "debt_coverage": {
        "trend": {
            "slope": NaN,
            "intercept": NaN,
            "r_squared": NaN
        },
        "volatility": {
            "std_dev": NaN,
            "coefficient_of_variation": NaN
        }
    },
    "price_to_book": {
        "trend": {
            "slope": NaN,
            "intercept": NaN,
            "r_squared": NaN
        },
        "volatility": {
            "std_dev": NaN,
            "coefficient_of_variation": NaN
        }
    }
}